n,id,title,kind,words,verdict,first_wrong_note,reminds_me_of
1,old-hundredth,All People That on Earth Do Dwell,public-domain,All people that on earth do dwell,,,
2,abide-with-me,Abide with Me,public-domain,Abide with me; fast falls the eventide,,,
3,jesus-loves-me,Jesus Loves Me,public-domain,Jesus loves me! This I know,,,
4,swing-low,"Swing Low, Sweet Chariot",public-domain,"Swing low, sweet chariot",,,
5,jingle-bells,Jingle Bells,public-domain,"Jingle bells, jingle bells, jingle all the way",,,
6,deck-the-halls,Deck the Halls,public-domain,Deck the halls with boughs of holly,,,
7,in-the-bleak-midwinter,In the Bleak Midwinter,public-domain,In the bleak midwinter,,,
8,auld-lang-syne,Auld Lang Syne,public-domain,Should auld acquaintance be forgot,,,
9,my-bonnie,My Bonnie Lies over the Ocean,public-domain,My Bonnie lies over the ocean,,,
10,danny-boy,Danny Boy,public-domain,"Oh Danny boy, the pipes, the pipes are calling",,,
11,aura-lea,Aura Lea,public-domain,When the blackbird in the spring,,,
12,yankee-doodle,Yankee Doodle,public-domain,Yankee Doodle went to town,,,
13,god-save-the-king,God Save the King,public-domain,God save our gracious King,,,
14,star-spangled-banner,The Star-Spangled Banner,public-domain,"O say, can you see, by the dawn's early light",,,
15,la-marseillaise,La Marseillaise,public-domain,Allons enfants de la Patrie,,,
16,brahms-lullaby,Wiegenlied (Brahms' Lullaby),public-domain,"Guten Abend, gut' Nacht",,,
17,la-donna-e-mobile,La donna è mobile,public-domain,La donna è mobile,,,
18,habanera,Habanera (Carmen),public-domain,L'amour est un oiseau rebelle,,,
19,paper-lanterns,Paper Lanterns,original,"Paper lanterns on the ferry, counting every light",,,
20,rust-on-the-gate,Rust on the Gate,original,Rust on the gate and the thunder rolling in,,,
21,blue-umbrella,Blue Umbrella,original,"Blue umbrella, Tuesday rain, humming half a tune again",,,
22,kettles-cold,Kettle's Cold,original,Kettle's cold and the stove won't light,,,
23,river-at-dawn,River at Dawn,original,Carry me slow like the river at dawn,,,
24,porch-light,Porch Light,original,"Porch light burning, supper on the stove",,,
25,lamplighter,The Lamplighter,original,Tonight the lamplighter climbs every stair,,,
26,dusty-road,Dusty Road,original,I been walking this old dusty road,,,
27,engine-roar,Engine Roar,original,Turn the key and let the engine roar,,,
28,fence-line-home,Fence Line Home,original,Walking the fence line home,,,
29,halfway-home,Halfway Home,original,We were halfway home when the night came down,,,
30,held-ah,Held Ah,original,Ah,,,
31,late-train,Late Train,original,"Late train, slow rain, I'm counting every mile",,,
32,let-the-morning-wait,Let the Morning Wait,original,Let the morning wait for us,,,
33,slow-scale-ah,Slow Scale on Ah,original,Ah,,,
34,when-the-curtain-falls,When the Curtain Falls,original,When the curtain falls I'll sing,,,
